Match_ID,venue_id,umpire1,umpire2,tv_umpire,referee,reserve_umpire
1422119,58008,Saiyed Khalid,Virender Sharma,Nitin Menon,Javagal Srinath,Madanagopal Kuppuraj
1422120,1290799,Jayaraman Madanagopal,Nikhil Patwardhan,Alex Wharf,Narayanan Kutty,Pranav Joshi
1422121,57980,Yeshwant Barde,Rohan Pandit,Bruce Oxenford,Manu Nayar,Mohit Krishnadas
1422122,58162,Kumar Dharmasena,Akshay Totre,KN Ananthapadmanabhan,Prakash Bhatt,Vaibhav Dhokre
1422123,57851,Vineet Kulkarni,Virender Sharma,Nitin Menon,Javagal Srinath,Madanagopal Kuppuraj
1422124,57897,Anil Chaudhary,Saidharshan Kumar,Bruce Oxenford,Manu Nayar,Mohit Krishnadas
1422125,58008,Tapan Sharma,Alex Wharf,Jayaraman Madanagopal,Narayanan Kutty,Pranav Joshi
1422126,58142,KN Ananthapadmanabhan,Ulhas Gandhe,Kumar Dharmasena,Prakash Bhatt,Vaibhav Dhokre
1422127,58162,Nitin Menon,Nand Kishore,Virender Sharma,Javagal Srinath,Madanagopal Kuppuraj
1422128,57897,Anil Chaudhary,Rohan Pandit,Bruce Oxenford,Manu Nayar,Mohit Krishnadas
1422129,1070094,Jayaraman Madanagopal,Navdeep Singh,Alex Wharf,Narayanan Kutty,Pranav Joshi
1422130,57851,Saiyed Khalid,Virender Sharma,None,Javagal Srinath,Madanagopal Kuppuraj
1422131,58547,Kumar Dharmasena,Vinod Seshan,KN Ananthapadmanabhan,Prakash Bhatt,Vaibhav Dhokre
1422132,58324,Yeshwant Barde,Saidharshan Kumar,Bruce Oxenford,Manu Nayar,Mohit Krishnadas
1422133,57897,Jayaraman Madanagopal,Nikhil Patwardhan,Alex Wharf,Narayanan Kutty,Pranav Joshi
1422134,58547,Ulhas Gandhe,Akshay Totre,Kumar Dharmasena,Prakash Bhatt,Vaibhav Dhokre
1422135,57851,Vineet Kulkarni,Nitin Menon,Virender Sharma,Javagal Srinath,Madanagopal Kuppuraj
1422136,58142,Yeshwant Barde,Rohan Pandit,Bruce Oxenford,Manu Nayar,Mohit Krishnadas
1422137,58162,Tapan Sharma,Alex Wharf,Jayaraman Madanagopal,Narayanan Kutty,Pranav Joshi
1422138,58324,Kumar Dharmasena,Ulhas Gandhe,KN Ananthapadmanabhan,Prakash Bhatt,Vaibhav Dhokre
1422139,1070094,Nand Kishore,Virender Sharma,Nitin Menon,Javagal Srinath,Madanagopal Kuppuraj
1426260,58008,Anil Chaudhary,Saidharshan Kumar,Bruce Oxenford,Manu Nayar,Mohit Krishnadas
1426261,1290799,Navdeep Singh,Nikhil Patwardhan,Alex Wharf,Narayanan Kutty,Pranav Joshi
1426262,58162,Kumar Dharmasena,Vinod Seshan,KN Ananthapadmanabhan,Prakash Bhatt,Vaibhav Dhokre
1426263,58324,Vineet Kulkarni,Nitin Menon,Virender Sharma,Javagal Srinath,Madanagopal Kuppuraj
1426264,1070094,Yeshwant Barde,Rohan Pandit,Bruce Oxenford,Manu Nayar,Mohit Krishnadas
1426265,1290799,Anil Chaudhary,Tapan Sharma,Jayaraman Madanagopal,Narayanan Kutty,Pranav Joshi
1426266,57980,Akshay Totre,Vinod Seshan,KN Ananthapadmanabhan,Amit Sharma,Vaibhav Dhokre
1426267,58324,Saiyed Khalid,Nitin Menon,Virender Sharma,Javagal Srinath,Madanagopal Kuppuraj
1426268,57897,Anil Chaudhary,Rohan Pandit,Bruce Oxenford,Manu Nayar,Mohit Krishnadas
1426269,57980,Ulhas Gandhe,Michael Gough,KN Ananthapadmanabhan,Amit Sharma,Vaibhav Dhokre
1426270,57851,Nikhil Patwardhan,Virender Sharma,Jayaraman Madanagopal,Narayanan Kutty,Pranav Joshi
1426271,1290799,Vineet Kulkarni,Nand Kishore,Nitin Menon,Sanjay Verma,Keyur Kelkar
1426272,1070094,Anil Chaudhary,Rohan Pandit,Bruce Oxenford,Manu Nayar,Rajesh Kannan
1426273,58040,Jayaraman Madanagopal,Navdeep Singh,Tapan Sharma,Sanjay Verma,Kannur Swaroopanand
1426274,57980,Akshay Totre,Vinod Seshan,Michael Gough,Amit Sharma,Abhijeet Bengeri
1426275,1290799,Vineet Kulkarni,Nand Kishore,Saiyed Khalid,Javagal Srinath,Keyur Kelkar
1426276,58162,Anil Chaudhary,Saidharshan Kumar,Bruce Oxenford,Manu Nayar,Rajesh Kannan
1426277,58008,Nikhil Patwardhan,Tapan Sharma,Jayaraman Madanagopal,Sanjay Verma,Kannur Swaroopanand
1426278,58040,KN Ananthapadmanabhan,Ulhas Gandhe,Akshay Totre,Amit Sharma,Abhijeet Bengeri
1426279,58142,Saiyed Khalid,Nitin Menon,Virender Sharma,Javagal Srinath,Keyur Kelkar
1426280,57980,Yeshwant Barde,Anil Chaudhary,Rohan Pandit,Sanjay Verma,Rajesh Kannan
1426281,58040,Navdeep Singh,Nikhil Patwardhan,Jayaraman Madanagopal,Narayanan Kutty,Kannur Swaroopanand
1426282,1070094,KN Ananthapadmanabhan,Michael Gough,Vinod Seshan,Amit Sharma,Abhijeet Bengeri
1426283,57851,Nitin Menon,Virender Sharma,Vineet Kulkarni,Javagal Srinath,Bhavesh Patel
1426284,58008,Rohan Pandit,Saidharshan Kumar,Anil Chaudhary,Sanjay Verma,Keyur Kelkar
1426285,57980,Navdeep Singh,Tapan Sharma,Nikhil Patwardhan,Narayanan Kutty,Kannur Swaroopanand
1426286,1070094,Ulhas Gandhe,Michael Gough,KN Ananthapadmanabhan,Daniel Manohar,Abhijeet Bengeri
1426287,58008,Saiyed Khalid,Virender Sharma,Nand Kishore,Rajiv Seth,Bhavesh Patel
1426288,58142,Yeshwant Barde,Anil Chaudhary,Rohan Pandit,Shakti Singh,Keyur Kelkar
1426289,58324,Jayaraman Madanagopal,Tapan Sharma,Michael Gough,Pankaj Dharmani,Kannur Swaroopanand
1426290,57897,Akshay Totre,Vinod Seshan,KN Ananthapadmanabhan,Daniel Manohar,Keyur Kelkar
1426291,58056,Vineet Kulkarni,Nand Kishore,Nitin Menon,Rajiv Seth,Bhavesh Patel
1426292,1070094,Yeshwant Barde,Saidharshan Kumar,Anil Chaudhary,Shakti Singh,Rajesh Kannan
1426293,58324,Navdeep Singh,Tapan Sharma,Jayaraman Madanagopal,Pankaj Dharmani,Keyur Kelkar
1426294,58040,KN Ananthapadmanabhan,Ulhas Gandhe,Michael Gough,Daniel Manohar,Abhijeet Bengeri
1426295,58142,Yeshwant Barde,Saidharshan Kumar,Anil Chaudhary,Shakti Singh,Rohan Pandit
1426296,58056,Saiyed Khalid,Nitin Menon,Virender Sharma,Rajiv Seth,Bhavesh Patel
